Accession No.,Block,No. Seedlings,,Collected 2/22,"Adam, Grace"
100,1,3,,,
48,1,7,,,
79,1,5,,,
152,1,5,,,
89,1,0,,,
11,1,3,,,
83,1,5,,,
133,1,5,,,
19,1,2,,,
63,1,9,,,
107,1,6,,,
118,1,5,,,
114,1,6,,,
52,1,7,,,
26,1,7,,,
143,1,5,,,
69,1,2,,,
150,1,5,,,
92,1,6,,,
110,1,6,,,
55,1,8,,,
17,1,3,,,
170,1,3,,,
109,1,5,,,
189,1,3,,,
42,1,4,,,
59,1,0,,,
127,1,5,,,
102,1,6,,,
161,1,4,,,
173,1,4,,,
151,1,5,,,
178,1,5,,,
41,1,5,,,
78,1,5,,,
12,1,4,,,
146,1,1,,,
7,1,4,,,
16,1,0,,,
140,1,3,,,
6,1,3,,,
147,1,4,,,
1,1,4,,,
182,1,9,,,
129,1,2,,,
165,1,5,,,
156,1,9,,,
126,1,3,,,
192,1,5,,,
46,1,8,,,
50,1,6,,,
28,1,6,,,
21,1,6,,,
24,1,6,,,
72,1,4,,,
66,1,5,,,
141,1,5,,,
15,1,2,,,
121,1,5,,,
181,1,5,,,
94,1,5,,,
75,1,5,,,
33,1,7,,,
116,1,4,,,
168,1,5,,,
56,1,5,,,
108,1,5,,,
8,1,6,,,
120,1,6,,,
60,1,1,,,
124,1,2,,,
95,1,5,,,
139,1,5,,,
149,1,5,,,
51,1,6,,,
106,1,2,,,
191,1,6,,,
47,1,6,,,
111,1,5,,,
148,1,3,,,
39,1,6,,,
138,1,4,,,
117,1,7,,,
40,1,3,,,
190,1,5,,,
164,1,5,,,
87,1,5,,,
25,1,5,,,
3,1,3,,,
166,1,7,,,
180,1,5,,,
158,1,10,,,
144,1,4,,,
27,1,5,,,
31,1,5,,,
134,1,3,,,
58,1,3,,,
73,1,5,,,
196,1,1,,,
5,1,4,,,
4,1,5,,,
104,1,4,,,
38,1,4,,,
153,1,3,,,
37,1,6,,,
195,1,4,,,
122,1,5,,,
135,1,5,,,
172,1,4,,,
171,1,6,,,
35,1,5,,,
91,1,5,,,
167,1,8,,,
184,1,3,,,
187,1,5,,,
185,1,3,,,
36,1,5,,,
2,1,5,,,
84,1,7,,,
45,1,6,,,
157,1,3,,,
142,1,3,,,
128,1,6,,,
49,1,6,,,
76,1,4,,,
61,1,4,,,
98,1,5,,,
43,1,5,,,
29,1,4,,,
169,1,3,,,
88,1,3,,,
179,1,1,,,
136,1,4,,,
70,1,6,,,
97,1,5,,,
123,1,5,,,
113,1,5,,,
174,1,3,,,
67,1,5,,,
132,1,4,,,
186,1,4,,,
13,1,3,,,
68,1,3,,,
125,1,0,,,
74,1,4,,,
177,1,5,,,
65,1,7,,,
9,1,2,,,
175,1,6,,,
86,1,5,,,
162,1,5,,,
54,1,7,,,
96,1,5,,,
10,1,1,,,
32,1,6,,,
18,1,5,,,
30,1,4,,,
81,1,5,,,
112,1,4,,,
80,1,4,,,
93,1,6,,,
57,1,3,,,
20,1,6,,,
82,1,0,,,
176,1,8,,,
155,1,3,,,
154,1,3,,,
130,1,5,,,
115,1,5,,,
62,1,2,,,
101,1,3,,,
137,1,5,,,
34,1,4,,,
23,1,3,,,
145,1,5,,,
85,1,7,,,
22,1,6,,,
119,1,3,,,
90,1,4,,,
71,1,4,,,
163,1,5,,,
14,1,5,,,
194,1,4,,,
103,1,5,,,
193,1,5,,,
77,1,5,,,
159,1,4,,,
160,1,5,,,
188,1,1,,,
53,1,6,,,
64,1,4,,,
105,1,5,,,
99,1,4,,,
193,1,2,,,
131,1,4,,,
44,1,4,,,
,,,,,
119,2,3,,,
59,2,0,,,
113,2,6,,,
51,2,4,,,
23,2,5,,,
54,2,5,,,
46,2,5,,,
161,2,5,,,
70,2,5,,,
6,2,5,,,
49,2,5,,,
116,2,3,,,
8,2,5,,,
9,2,1,,,
110,2,6,,,
48,2,4,,,
72,2,4,,,
55,2,5,,,
179,2,2,,,
65,2,5,,,
145,2,5,,,
127,2,4,,,
29,2,2,,,
7,2,8,,,
58,2,3,,,
143,2,5,,,
36,2,5,,,
164,2,5,,,
121,2,3,,,
74,2,4,,,
47,2,8,,,
91,2,5,,,
92,2,4,,,
50,2,7,,,
2,2,4,,,
26,2,4,,,
136,2,5,,,
182,2,7,,,
37,2,4,,,
78,2,5,,,
30,2,4,,,
117,2,5,,,
129,2,3,,,
190,2,4,,,
99,2,4,,,
140,2,4,,,
43,2,5,,,
150,2,4,,,
193,2,5,,,
85,2,7,,,
52,2,6,,,
1,2,4,,,
158,2,5,,,
159,2,0,,,
192,2,5,,,
81,2,6,,,
186,2,5,,,
146,2,4,,,
66,2,4,,,
13,2,3,,,
196,2,2,,,
12,2,4,,,
93,2,6,,,
123,2,3,,,
191,2,5,,,
139,2,4,,,
77,2,4,,,
35,2,6,,,
89,2,0,,,
57,2,5,,,
60,2,5,,,
180,2,5,,,
19,2,1,,,
88,2,5,,,
169,2,5,,,
166,2,6,,,
45,2,4,,,
11,2,2,,,
151,2,5,,,
79,2,5,,,
160,2,3,,,
25,2,5,,,
118,2,5,,,
40,2,2,,,
97,2,5,,,
109,2,5,,,
105,2,3,,,
124,2,5,,,
154,2,4,,,
103,2,2,,,
135,2,5,,,
120,2,4,,,
175,2,6,,,
5,2,3,,,
130,2,4,,,
32,2,7,,,
53,2,7,,,
148,2,4,,,
71,2,5,,,
28,2,5,,,
4,2,3,,,
106,2,4,,,
134,2,4,,,
133,2,5,,,
138,2,5,,,
42,2,4,,,
94,2,5,,,
27,2,5,,,
115,2,4,,,
56,2,5,,,
168,2,8,,,
61,2,5,,,
86,2,5,,,
102,2,4,,,
10,2,4,,,
174,2,4,,,
170,2,5,,,
41,2,7,,,
67,2,4,,,
108,2,4,,,
176,2,4,,,
114,2,5,,,
125,2,0,,,
183,2,4,,,
162,2,4,,,
195,2,6,,,
33,2,4,,,
73,2,4,,,
189,2,3,,,
96,2,4,,,
141,2,3,,,
122,2,3,,,
111,2,4,,,
104,2,3,,,
84,2,6,,,
22,2,7,,,
185,2,2,,,
177,2,6,,,
44,2,5,,,
14,2,3,,,
188,2,4,,,
128,2,5,,,
147,2,1,,,
78,2,5,,,
194,2,1,,,
100,2,4,,,
101,2,4,,,
20,2,6,,,
80,2,4,,,
153,2,5,,,
165,2,7,,,
87,2,5,,,
137,2,5,,,
107,2,4,,,
24,2,6,,,
83,2,7,,,
112,2,5,,,
172,2,5,,,
68,2,5,,,
31,2,5,,,
34,2,5,,,
69,2,1,,,
38,2,4,,,
173,2,3,,,
156,2,4,,,
76,2,4,,,
144,2,4,,,
181,2,6,,,
15,2,3,,,
132,2,5,,,
18,2,4,,,
163,2,3,,,
39,2,4,,,
16,2,1,,,
63,2,4,,,
142,2,3,,,
184,2,0,,,
75,2,5,,,
155,2,5,,,
152,2,5,,,
126,2,1,,,
167,2,7,,,
98,2,5,,,
187,2,2,,,
3,2,4,,,
82,2,1,,,
171,2,5,,,
95,2,5,,,
62,2,4,,,
149,2,5,,,
17,2,3,,,
131,2,5,,,
21,2,5,,,
64,2,5,,,
90,2,5,,,
157,2,5,,,
,,,,,
87,3,5,,,
70,3,5,,,
162,3,5,,,
183,3,5,,,
94,3,5,,,
135,3,4,,,
142,3,5,,,
60,3,6,,,
58,3,6,,,
165,3,9,,,
136,3,3,,,
159,3,0,,,
118,3,7,,,
64,3,5,,,
97,3,5,,,
66,3,4,,,
12,3,3,,,
8,3,4,,,
101,3,4,,,
5,3,5,,,
141,3,3,,,
13,3,2,,,
19,3,4,,,
140,3,4,,,
160,4,3,,,
25,3,5,,,
131,3,4,,,
114,3,4,,,
83,3,5,,,
143,3,5,,,
23,3,2,,,
63,3,5,,,
65,3,6,,,
77,3,5,,,
192,3,6,,,
61,3,5,,,
2,3,3,,,
164,3,2,,,
128,3,6,,,
105,3,6,,,
187,3,1,,,
115,3,5,,,
185,3,4,,,
17,3,3,,,
62,3,6,,,
111,3,5,,,
49,3,5,,,
34,3,6,,,
26,3,4,,,
55,3,5,,,
109,3,5,,,
116,3,2,,,
6,3,3,,,
178,3,3,,,
33,3,4,,,
181,3,5,,,
117,3,5,,,
108,3,5,,,
71,3,5,,,
57,3,6,,,
35,3,4,,,
75,3,5,,,
123,3,1,,,
3,3,3,,,
196,3,2,,,
119,3,4,,,
32,3,5,,,
146,3,5,,,
188,3,1,,,
74,3,5,,,
166,3,3,,,
84,3,4,,,
92,3,1,,,
76,3,2,,,
175,3,4,,,
113,3,5,,,
68,3,4,,,
124,3,2,,,
42,3,4,,,
125,3,0,,,
93,3,6,,,
150,3,6,,,
44,3,5,,,
126,3,2,,,
139,3,4,,,
134,3,4,,,
27,3,6,,,
98,3,4,,,
21,3,3,,,
102,3,5,,,
67,3,5,,,
147,3,3,,,
171,3,10,,,
177,3,2,,,
145,3,4,,,
46,3,7,,,
127,3,5,,,
91,3,4,,,
137,3,5,,,
103,3,4,,,
96,3,4,,,
195,3,4,,,
51,3,6,,,
29,3,2,,,
107,3,5,,,
174,3,2,,,
30,3,6,,,
39,3,5,,,
153,3,4,,,
151,3,5,,,
40,3,3,,,
194,3,4,,,
121,3,6,,,
47,3,5,,,
81,3,6,,,
120,3,4,,,
179,3,1,,,
110,3,5,,,
154,3,5,,,
169,3,4,,,
158,3,9,,,
37,3,7,,,
16,3,3,,,
80,3,5,,,
191,3,5,,,
86,3,4,,,
56,3,5,,,
4,3,5,,,
18,3,3,,,
69,3,0,,,
1,3,4,,,
99,3,4,,,
193,3,5,,,
36,3,6,,,
161,3,7,,,
100,3,5,,,
176,3,4,,,
155,3,5,,,
28,3,8,,,
182,3,5,,,
163,3,6,,,
88,3,5,,,
130,3,5,,,
10,3,3,,,
129,3,1,,,
112,3,6,,,
133,3,4,,,
20,3,5,,,
167,3,11,,,
50,3,5,,,
45,3,6,,,
14,3,3,,,
15,3,2,,,
53,3,5,,,
54,3,5,,,
82,3,0,,,
190,3,4,,,
104,3,5,,,
180,3,3,,,
59,3,0,,,
95,3,5,,,
106,3,3,,,
184,3,2,,,
156,3,7,,,
170,3,3,,,
7,3,3,,,
73,3,5,,,
78,3,4,,,
85,3,6,,,
41,3,5,,,
90,3,5,,,
189,3,1,,,
173,3,5,,,
31,3,9,,,
38,3,3,,,
172,3,5,,,
72,3,5,,,
79,3,5,,,
148,3,2,,,
152,3,5,,,
89,3,1,,,
22,3,5,,,
24,3,7,,,
9,3,1,,,
141,3,4,,,
122,3,5,,,
157,3,5,,,
168,3,7,,,
43,3,6,,,
138,3,4,,,
52,3,7,,,
48,3,5,,,
132,3,5,,,
11,3,1,,,
149,3,3,,,
186,3,4,,,
197,0,4,,,